<?xml version="1.0" encoding="utf-8" standalone="yes" ?>
<rss version="2.0" xmlns:atom="http://www.w3.org/2005/Atom">
  <channel>
    <title>Categories on Gaffer On Games</title>
    <link>http://new.gafferongames.com/categories/</link>
    <description>Recent content in Categories on Gaffer On Games</description>
    <generator>Hugo -- gohugo.io</generator>
    <language>en-us</language>
    <copyright>© The Network Protocol Company, Inc.</copyright>
    
	<atom:link href="http://new.gafferongames.com/categories/index.xml" rel="self" type="application/rss+xml" />
    
    
    <item>
      <title>Game Networking</title>
      <link>http://new.gafferongames.com/categories/game-networking/</link>
      <pubDate>Wed, 24 Feb 2010 00:00:00 +0000</pubDate>
      
      <guid>http://new.gafferongames.com/categories/game-networking/</guid>
      <description></description>
    </item>
    
    <item>
      <title>Game Physics</title>
      <link>http://new.gafferongames.com/categories/game-physics/</link>
      <pubDate>Sat, 04 Sep 2004 00:00:00 +0000</pubDate>
      
      <guid>http://new.gafferongames.com/categories/game-physics/</guid>
      <description></description>
    </item>
    
    <item>
      <title>Networked Physics</title>
      <link>http://new.gafferongames.com/categories/networked-physics/</link>
      <pubDate>Sun, 04 Jan 2015 00:00:00 +0000</pubDate>
      
      <guid>http://new.gafferongames.com/categories/networked-physics/</guid>
      <description></description>
    </item>
    
    <item>
      <title>White Papers</title>
      <link>http://new.gafferongames.com/categories/white-papers/</link>
      <pubDate>Sun, 26 Feb 2017 00:00:00 +0000</pubDate>
      
      <guid>http://new.gafferongames.com/categories/white-papers/</guid>
      <description></description>
    </item>
    
  </channel>
</rss>