<?xml version="1.0" encoding="utf-8" standalone="yes" ?>
<rss version="2.0" xmlns:atom="http://www.w3.org/2005/Atom">
  <channel>
    <title>White Papers on Gaffer On Games</title>
    <link>http://new.gafferongames.com/categories/white-papers/</link>
    <description>Recent content in White Papers on Gaffer On Games</description>
    <generator>Hugo -- gohugo.io</generator>
    <language>en-us</language>
    <copyright>© The Network Protocol Company, Inc.</copyright>
    <lastBuildDate>Sun, 26 Feb 2017 00:00:00 +0000</lastBuildDate>
    
	<atom:link href="http://new.gafferongames.com/categories/white-papers/index.xml" rel="self" type="application/rss+xml" />
    
    
    <item>
      <title>Why can&#39;t I send UDP packets from a browser?</title>
      <link>http://new.gafferongames.com/post/why_cant_i_send_udp_packets_from_a_browser/</link>
      <pubDate>Sun, 26 Feb 2017 00:00:00 +0000</pubDate>
      
      <guid>http://new.gafferongames.com/post/why_cant_i_send_udp_packets_from_a_browser/</guid>
      <description>Premise In 2017 the most popular web games like agar.io are networked via WebSockets over TCP. If a UDP equivalent of WebSockets could be incorporated into browsers, it would greatly improve the networking of these games.
Background Web browsers are built on top of HTTP, which is a stateless request/response protocol initially designed for serving static web pages. HTTP is built on top of TCP, a low-level protocol which guarantees data sent over the internet arrives reliably, and in the same order it was sent.</description>
    </item>
    
  </channel>
</rss>